event_size,cpu_time,gpu_time,speedup,cpu_seeds,gpu_seeds,seed_matches
40047,0.0715058,0.117913,0.60643,6971,6971,6971
42812,0.0878357,0.120317,0.730037,7844,7844,7844
45245,0.0922662,0.126227,0.730957,8454,8454,8454
38370,0.0694175,0.115662,0.600175,7387,7387,7387
32639,0.0525549,0.109478,0.480049,5801,5801,5801
37344,0.0644912,0.113888,0.56627,6873,6873,6872
53131,0.135646,0.138357,0.980401,12253,12253,12252
33472,0.0542645,0.112026,0.484394,6489,6489,6489
40111,0.0780024,0.117297,0.664998,8344,8344,8344
41975,0.088154,0.120768,0.729945,8401,8401,8401
43733,0.0935257,0.123653,0.756354,9230,9230,9230
40149,0.0731379,0.119483,0.61212,7431,7431,7431
42439,0.0828576,0.117377,0.705908,7825,7825,7825
46088,0.0958185,0.12696,0.754714,8696,8696,8696
37679,0.0689972,0.114913,0.600432,7134,7134,7134
51900,0.13811,0.141714,0.974566,12417,12417,12417
49023,0.12317,0.137431,0.896228,12013,12013,12012
47180,0.0964465,0.122401,0.787952,8222,8222,8222
37437,0.0665277,0.113121,0.588112,7331,7331,7331
39338,0.0728029,0.119264,0.610436,7290,7290,7290
40240,0.0793885,0.118887,0.667763,7785,7785,7784
48057,0.108526,0.124848,0.869267,9405,9405,9405
39616,0.0729295,0.11861,0.614866,7883,7883,7883
37009,0.0653786,0.113801,0.574501,6543,6543,6543
41601,0.0855671,0.121429,0.704665,8048,8048,8048
40866,0.0823366,0.120335,0.684231,8023,8023,8023
38173,0.0673769,0.114908,0.586354,7055,7055,7055
50438,0.123185,0.134589,0.915263,10686,10686,10686
36072,0.0622452,0.113752,0.547198,6699,6699,6699
35250,0.0609652,0.113029,0.539376,6786,6786,6785
41717,0.0819173,0.1204,0.680378,8161,8161,8161
40442,0.0831332,0.120038,0.692557,8827,8827,8827
52803,0.136913,0.139057,0.984587,11647,11647,11646
34364,0.0581572,0.110382,0.526873,6624,6624,6624
44642,0.0957984,0.125102,0.765763,9012,9012,9012
34525,0.058221,0.11083,0.525316,6358,6358,6358
39574,0.0778705,0.120003,0.648903,7754,7754,7753
45834,0.100179,0.124594,0.804046,9381,9381,9381
39452,0.0745889,0.115534,0.645603,7395,7395,7395
33713,0.0611465,0.115454,0.52962,6665,6665,6665
50042,0.11607,0.131751,0.880979,9276,9276,9276
32950,0.0502655,0.109907,0.457344,5934,5934,5934
29731,0.0406169,0.107265,0.378659,4661,4661,4661
49217,0.109774,0.13403,0.819027,9174,9174,9174
41306,0.0815039,0.118943,0.685234,7809,7809,7808
31872,0.0493129,0.109319,0.451093,5670,5670,5670
42046,0.0858037,0.123527,0.694618,8033,8033,8033
48638,0.106751,0.131287,0.813112,9615,9615,9615
37776,0.069955,0.114868,0.609004,7760,7760,7760
37330,0.065329,0.114426,0.570926,7074,7074,7074
37280,0.0614935,0.114687,0.536185,6077,6077,6077
29088,0.0361208,0.106017,0.340708,3794,3794,3794
52269,0.133276,0.137843,0.966869,12022,12022,12022
34074,0.0544007,0.11216,0.485026,5929,5929,5929
38079,0.0670666,0.115168,0.582338,6652,6652,6652
43298,0.0928368,0.123351,0.752622,9120,9120,9120
41652,0.082183,0.119005,0.690587,7939,7939,7939
49489,0.111232,0.1338,0.83133,9997,9997,9997
47882,0.121069,0.13107,0.923702,10566,10566,10566
45034,0.0960292,0.126608,0.758475,9424,9424,9422
39287,0.0784773,0.117274,0.669178,8425,8425,8424
33085,0.0519476,0.111824,0.464549,5614,5614,5614
40518,0.072446,0.115714,0.626076,6684,6684,6684
33922,0.0533749,0.111729,0.477719,6080,6080,6080
22997,0.0265331,0.102257,0.259475,4084,4084,4083
38982,0.0696131,0.116382,0.598146,7397,7397,7397
32490,0.0541895,0.111177,0.487419,6112,6112,6112
53966,0.136974,0.140264,0.976541,10814,10814,10814
37779,0.0725066,0.11618,0.624088,7907,7907,7907
50594,0.121008,0.133394,0.907151,11096,11096,11096
40289,0.0718171,0.115701,0.620715,6921,6921,6921
52575,0.136436,0.139415,0.978631,11233,11233,11232
38164,0.0666472,0.116374,0.572699,6832,6832,6832
45513,0.0999547,0.126211,0.791965,9875,9875,9874
33577,0.0530744,0.111069,0.477853,5722,5722,5722
46593,0.103462,0.127084,0.814125,9503,9503,9500
47987,0.110122,0.129169,0.852543,9928,9928,9928
45227,0.098245,0.127877,0.768278,9284,9284,9284
39575,0.0722311,0.118682,0.608613,7290,7290,7290
50504,0.126387,0.135461,0.933014,11310,11310,11310
49278,0.111195,0.134105,0.829167,9214,9214,9214
43086,0.0893627,0.12451,0.717715,8919,8919,8919
40463,0.0776,0.121657,0.637857,7127,7127,7126
56115,0.152687,0.141951,1.07563,12253,12253,12253
39664,0.0730932,0.116914,0.625189,7685,7685,7685
42351,0.0837274,0.12997,0.644205,7318,7318,7318
35427,0.0616793,0.114805,0.537253,6484,6484,6484
45524,0.0961791,0.121037,0.794627,9460,9460,9460
46974,0.103793,0.131122,0.791574,9370,9370,9369
39540,0.074224,0.116054,0.639562,6978,6978,6978
47534,0.103281,0.129179,0.79952,9461,9461,9461
49006,0.116024,0.136333,0.85103,10496,10496,10495
34036,0.0553539,0.112132,0.493649,5859,5859,5859
43985,0.0946144,0.124626,0.759184,9706,9706,9706
37472,0.070274,0.115158,0.610239,7607,7607,7607
40116,0.0802176,0.118568,0.676553,7970,7970,7970
46669,0.10731,0.13062,0.821544,9977,9977,9977
34912,0.057344,0.112301,0.510626,6101,6101,6101
44573,0.0919828,0.126983,0.724372,8329,8329,8328
47299,0.109039,0.130225,0.837311,10317,10317,10317
74411,0.286608,0.197682,1.44984,18398,18398,18396
69542,0.240748,0.17414,1.3825,15985,15985,15985
77618,0.30786,0.196664,1.56541,19521,19521,19521
76625,0.30044,0.196565,1.52845,19120,19120,19119
68582,0.242651,0.176329,1.37613,17472,17472,17472
70962,0.255418,0.180549,1.41467,16524,16524,16522
96532,0.528273,0.244122,2.16397,28407,28407,28404
61216,0.190723,0.159214,1.19791,14909,14909,14909
84273,0.381781,0.212179,1.79933,22216,22216,22216
73072,0.278654,0.17811,1.5645,18194,18194,18193
78024,0.32497,0.195518,1.6621,21060,21060,21060
66150,0.217313,0.163179,1.33175,15739,15739,15738
82230,0.355499,0.213595,1.66436,20609,20609,20609
91696,0.427599,0.232275,1.84092,24037,24037,24037
83958,0.364981,0.215853,1.69087,20824,20824,20823
96209,0.532343,0.253774,2.0977,28151,28151,28151
77953,0.342128,0.210608,1.62448,21447,21447,21447
84561,0.377276,0.224414,1.68116,21459,21459,21457
73134,0.271599,0.184549,1.47169,18063,18063,18063
82944,0.366112,0.210516,1.73912,20950,20950,20950
73995,0.282036,0.188756,1.49418,17898,17898,17898
86869,0.38986,0.217664,1.79111,21567,21567,21567
82761,0.374646,0.210644,1.77857,21998,21998,21998
71413,0.275768,0.18584,1.4839,18563,18563,18562
72275,0.283888,0.193606,1.46632,18530,18530,18530
73667,0.285996,0.190053,1.50482,18845,18845,18844
71644,0.262725,0.184925,1.42071,17584,17584,17584
94248,0.501638,0.235141,2.13335,26370,26370,26370
76186,0.303407,0.189247,1.60323,19365,19365,19365
60761,0.182352,0.15433,1.18158,13633,13633,13631
75486,0.30041,0.197514,1.52096,19496,19496,19496
70550,0.279987,0.180957,1.54726,19019,19019,19019
91783,0.481615,0.235504,2.04504,25178,25178,25177
64490,0.219468,0.168582,1.30185,15605,15605,15605
74510,0.292891,0.200976,1.45734,18954,18954,18954
75613,0.295238,0.203332,1.452,18707,18707,18707
75971,0.302307,0.204081,1.48131,19179,19179,19178
90612,0.464218,0.231416,2.00599,24726,24726,24726
70345,0.264396,0.180692,1.46324,18195,18195,18193
75408,0.299153,0.199851,1.49688,18360,18360,18360
91785,0.457659,0.234896,1.94835,23208,23208,23207
80601,0.331252,0.212654,1.5577,21234,21234,21234
74889,0.283462,0.184392,1.53728,18436,18436,18435
86790,0.392531,0.215392,1.82241,21816,21816,21816
80976,0.352479,0.214459,1.64357,22085,22085,22084
68245,0.234171,0.172598,1.35674,15983,15983,15983
76347,0.319845,0.193996,1.64872,19572,19572,19572
83312,0.356168,0.207854,1.71355,20484,20484,20484
79660,0.342369,0.221729,1.54409,21353,21353,21352
66948,0.229132,0.176018,1.30176,16454,16454,16454
79627,0.325837,0.19905,1.63696,19786,19786,19786
58150,0.155387,0.15341,1.01289,11538,11538,11538
78412,0.329056,0.197833,1.6633,21068,21068,21068
59020,0.165526,0.148962,1.11119,12142,12142,12142
69115,0.246323,0.178167,1.38254,16497,16497,16497
77056,0.3148,0.199592,1.57721,19635,19635,19634
73340,0.277826,0.184162,1.50859,17835,17835,17835
82991,0.35041,0.207576,1.68811,20899,20899,20899
88779,0.44887,0.231693,1.93735,24029,24029,24028
89835,0.4605,0.232763,1.97841,25158,25158,25157
71733,0.271918,0.185506,1.46582,18351,18351,18351
73129,0.263047,0.184752,1.42378,17199,17199,17199
66017,0.220938,0.171179,1.29068,15352,15352,15352
86014,0.403437,0.222438,1.81371,23103,23103,23102
50197,0.125258,0.139174,0.900007,10832,10832,10831
70280,0.239622,0.177817,1.34757,16585,16585,16584
75517,0.312807,0.206475,1.51498,20153,20153,20153
82575,0.358643,0.21935,1.63503,20020,20020,20020
67162,0.241122,0.174001,1.38575,17391,17391,17391
88682,0.42848,0.228186,1.87777,24771,24771,24770
86037,0.3634,0.207283,1.75316,21372,21372,21372
87359,0.410609,0.229412,1.78983,22539,22539,22538
67501,0.223052,0.16936,1.31703,15032,15032,15032
82318,0.356914,0.198414,1.79884,21612,21612,21611
71121,0.27024,0.19046,1.41888,17841,17841,17840
74452,0.279137,0.190529,1.46506,19192,19192,19191
87850,0.406315,0.219197,1.85365,22728,22728,22728
76812,0.307501,0.200271,1.53542,18856,18856,18856
73035,0.270559,0.18796,1.43945,17858,17858,17858
95599,0.495596,0.238582,2.07726,27252,27252,27251
84157,0.359436,0.205265,1.75108,20017,20017,20016
67204,0.233097,0.176919,1.31753,16303,16303,16303
79843,0.343677,0.209905,1.6373,20786,20786,20783
93494,0.488046,0.253017,1.92891,26127,26127,26127
83503,0.360737,0.211327,1.70701,21864,21864,21864
87085,0.385645,0.209328,1.84229,20973,20973,20973
74168,0.285653,0.186351,1.53288,18292,18292,18292
94306,0.471052,0.243166,1.93716,24570,24570,24569
81606,0.352553,0.212413,1.65975,21005,21005,21003
60337,0.182009,0.150641,1.20823,13745,13745,13745
103103,0.589297,0.260179,2.26497,29856,29856,29853
79348,0.350114,0.206321,1.69694,21132,21132,21127
59936,0.190675,0.160542,1.1877,14857,14857,14857
78082,0.338038,0.204477,1.65319,22172,22172,22171
76130,0.312717,0.199082,1.57079,18890,18890,18890
83770,0.377545,0.209932,1.79842,22447,22447,22445
94731,0.500336,0.244283,2.04818,26162,26162,26161
79558,0.332546,0.213525,1.55741,20737,20737,20737
84191,0.360892,0.219484,1.64428,20478,20478,20477
91525,0.449696,0.232058,1.93786,24262,24262,24261
113632,0.77825,0.294358,2.64389,33895,33895,33894
101804,0.558773,0.254911,2.19203,27205,27205,27204
115955,0.7994,0.306968,2.60418,35844,35844,35842
112404,0.740797,0.302611,2.44802,33052,33052,33052
110445,0.728463,0.305197,2.38686,34069,34068,34067
90705,0.440464,0.2422,1.81859,23187,23187,23183
140688,1.33044,0.431285,3.08482,48524,48524,48513
97986,0.55027,0.265234,2.07466,28118,28118,28118
118531,0.872828,0.326595,2.67251,36413,36413,36412
117238,0.819065,0.292381,2.80136,34060,34060,34060
119709,0.892143,0.336399,2.65204,37170,37170,37168
107477,0.663218,0.286958,2.3112,30590,30590,30588
120512,0.8735,0.345988,2.52465,35001,35001,35001
132160,1.05766,0.360015,2.93783,42323,42323,42322
104758,0.630616,0.27899,2.26035,29657,29657,29656
128414,1.0017,0.359556,2.78593,40101,40101,40101
104570,0.659683,0.294357,2.2411,30803,30803,30803
130314,1.01523,0.333844,3.04101,40354,40354,40353
109474,0.710945,0.288614,2.46331,31804,31804,31804
105457,0.628185,0.26554,2.36569,29215,29215,29215
108422,0.693458,0.287945,2.4083,31834,31834,31834
124370,0.938603,0.355701,2.63874,37928,37928,37926
124576,0.959377,0.311609,3.07878,39361,39361,39361
107426,0.68967,0.298794,2.30818,32953,32953,32945
103240,0.62888,0.284782,2.20828,30042,30042,30042
102110,0.610886,0.266962,2.28828,30398,30398,30398
117415,0.813687,0.320346,2.54002,35050,35050,35049
126907,1.01656,0.34728,2.92721,40003,40003,40001
111142,0.733487,0.303631,2.41572,34154,34154,34153
103975,0.62212,0.279678,2.22441,29197,29197,29196
119324,0.885077,0.321679,2.75143,38791,38791,38787
118229,0.870875,0.336841,2.58542,37406,37406,37404
136454,1.18259,0.388136,3.04684,43294,43294,43289
94029,0.512506,0.257097,1.99344,27400,27400,27397
115488,0.782672,0.292496,2.67584,34406,34406,34403
109352,0.689381,0.291497,2.36497,32698,32698,32697
104401,0.646751,0.286259,2.25932,30623,30623,30619
126386,0.99098,0.34596,2.86443,38535,38535,38534
115296,0.811949,0.291215,2.78815,35295,35295,35292
114547,0.808126,0.315211,2.56376,35377,35377,35377
131077,1.03469,0.362471,2.85456,38554,38554,38546
112926,0.778703,0.29863,2.60758,35284,35284,35283
118127,0.823277,0.304114,2.70713,35736,35736,35732
135695,1.15094,0.382691,3.0075,42484,42484,42481
118977,0.840687,0.32081,2.62051,35813,35813,35809
97502,0.532326,0.250292,2.12682,27405,27405,27404
112212,0.763854,0.293676,2.60101,33357,33357,33357
125675,0.953493,0.339381,2.80951,37366,37365,37363
122971,0.942078,0.334921,2.81284,39820,39820,39819
102716,0.618711,0.281877,2.19497,29398,29398,29398
109358,0.698236,0.283404,2.46374,31753,31753,31751
93289,0.45754,0.237606,1.92563,23084,23084,23084
106728,0.68139,0.282125,2.4152,32165,32165,32162
86160,0.405264,0.225467,1.79745,22924,22924,22924
109236,0.671323,0.296248,2.26608,30466,30466,30465
117965,0.828491,0.298372,2.77671,37606,37606,37605
113150,0.784712,0.284833,2.75499,33543,33543,33543
108655,0.657306,0.279891,2.34844,30102,30102,30102
123211,0.934831,0.34267,2.72808,38144,38144,38142
126807,1.002,0.337632,2.96772,39791,39791,39789
104098,0.616846,0.271044,2.27582,29539,29539,29539
108953,0.680434,0.283545,2.39974,30071,30071,30070
95323,0.503477,0.245294,2.05254,26088,26088,26088
115770,0.805177,0.305891,2.63224,34379,34379,34379
77394,0.320818,0.200858,1.59724,20487,20487,20487
102265,0.579523,0.254605,2.27616,29677,29677,29675
122518,0.919942,0.335372,2.74305,38050,38050,38050
125540,0.99604,0.332326,2.99718,38531,38531,38530
108745,0.693868,0.296723,2.33843,31395,31395,31395
123976,0.944744,0.337081,2.80272,39584,39584,39580
109966,0.674768,0.299619,2.25209,29803,29803,29802
126238,1.01039,0.346538,2.91566,39036,39036,39030
96734,0.514972,0.261954,1.96589,26036,26036,26036
118883,0.859755,0.337956,2.54399,37036,37036,37030
102268,0.629861,0.28192,2.23418,30451,30451,30447
113185,0.746508,0.303995,2.45566,33618,33618,33613
137959,1.20696,0.384433,3.13959,44662,44662,44661
117745,0.847943,0.337175,2.51484,34998,34998,34997
123468,0.942928,0.340675,2.76782,39734,39734,39733
132299,1.1353,0.370283,3.06603,44462,44462,44457
122004,0.925149,0.337097,2.74446,37115,37115,37113
105539,0.638843,0.279974,2.28179,30051,30051,30051
104870,0.642865,0.295129,2.17825,30473,30473,30472
140102,1.29139,0.421516,3.06368,46277,46277,46275
112881,0.734306,0.298347,2.46125,33777,33777,33777
138168,1.19204,0.377063,3.16138,43551,43551,43549
121418,0.910173,0.331795,2.74318,38648,38648,38645
132851,1.04967,0.36277,2.8935,40534,40534,40533
121098,0.858758,0.317652,2.70346,37000,37000,37000
99528,0.562491,0.255083,2.20513,27356,27356,27356
135693,1.15565,0.375106,3.08085,44673,44672,44666
115613,0.830774,0.315665,2.63182,35375,35375,35373
90482,0.453512,0.232366,1.95171,24176,24176,24176
117739,0.827202,0.315036,2.62574,36193,36193,36193
122352,0.909991,0.32982,2.75906,38568,38568,38565
117842,0.822776,0.313661,2.62314,35951,35951,35949
128802,1.06037,0.353041,3.00352,41335,41335,41332
130952,1.06084,0.377455,2.81051,42237,42237,42229
126299,0.984194,0.332517,2.95983,39428,39428,39426
108159,0.676173,0.273918,2.46852,31208,31208,31208
150405,1.4425,0.468624,3.07816,48702,48702,48696
129226,1.02083,0.336511,3.03359,40250,40250,40249
151984,1.49527,0.439869,3.39935,51617,51617,51614
162614,1.72604,0.495511,3.48335,56815,56815,56804
148025,1.44738,0.424585,3.40892,50398,50398,50395
127905,0.997195,0.345332,2.88764,39879,39879,39876
158747,1.70581,0.504584,3.38062,56751,56751,56741
126692,0.997318,0.327332,3.04681,40820,40820,40817
151921,1.56603,0.435367,3.59704,52373,52373,52367
154304,1.56738,0.48162,3.25438,51956,51956,51952
164552,1.84766,0.5405,3.41843,58219,58219,58212
151169,1.45331,0.462101,3.14499,50444,50444,50441
156148,1.61421,0.47373,3.40746,53245,53245,53241
155740,1.56943,0.455045,3.44896,54856,54856,54852
133400,1.06753,0.39506,2.70218,41393,41393,41389
175042,2.21419,0.603499,3.66891,64336,64336,64328
142741,1.35757,0.404631,3.35508,47239,47239,47236
156899,1.62831,0.474393,3.43241,52564,52564,52560
146547,1.47101,0.452125,3.25354,49169,49169,49165
142790,1.30806,0.419372,3.11908,45826,45826,45825
153490,1.59573,0.458155,3.48296,52460,52460,52456
170167,2.01556,0.530563,3.79891,60005,60005,59992
150673,1.54288,0.470535,3.27899,51423,51423,51421
152398,1.6483,0.483519,3.40896,55109,55109,55102
150005,1.47943,0.44448,3.32845,50607,50607,50604
137595,1.26911,0.41919,3.02752,47492,47492,47485
150705,1.48039,0.461129,3.21036,49911,49911,49909
174173,2.21115,0.575377,3.84297,64002,64002,63999
142602,1.36053,0.424557,3.20459,48067,48067,48066
135706,1.19798,0.38744,3.09204,44538,44538,44536
164395,1.89219,0.534283,3.54156,57691,57691,57685
152909,1.6149,0.464337,3.47787,52999,52999,52993
178461,2.29318,0.614594,3.73122,63019,63019,63016
130363,1.08708,0.409437,2.65506,41589,41589,41587
152250,1.56757,0.451593,3.47119,51314,51314,51311
142110,1.29446,0.394741,3.27926,47602,47602,47597
145070,1.4573,0.436783,3.33644,51178,51178,51177
163505,1.83114,0.511418,3.58052,57238,57238,57234
158883,1.71983,0.505109,3.40486,56312,56312,56306
144150,1.40029,0.417824,3.35139,49037,49037,49036
149290,1.38524,0.437586,3.16565,46481,46481,46478
147807,1.50112,0.460045,3.26298,52306,52306,52305
138989,1.25836,0.412309,3.05197,47618,47618,47615
166845,1.9678,0.539484,3.64756,60061,60061,60060
150275,1.48235,0.461431,3.2125,50955,50955,50948
147466,1.4576,0.453658,3.21299,50381,50381,50378
153712,1.63766,0.490517,3.33864,53295,53295,53288
154272,1.58397,0.453281,3.49446,51818,51818,51808
138995,1.26938,0.421415,3.01217,46578,46578,46576
142030,1.32729,0.399627,3.32132,47180,47180,47179
157608,1.64383,0.480873,3.41842,53466,53466,53463
117537,0.813065,0.291152,2.79258,34036,34036,34036
145123,1.38398,0.431488,3.20746,49039,49039,49031
125346,0.967496,0.330311,2.92905,37980,37980,37978
144682,1.32087,0.382799,3.45055,45212,45212,45208
167794,1.91774,0.536527,3.57435,60785,60785,60780
154377,1.69663,0.46232,3.66982,55593,55593,55592
132659,1.06314,0.370995,2.86564,41487,41487,41486
163706,1.8875,0.535067,3.5276,57863,57863,57856
169849,1.99232,0.565256,3.52463,59903,59903,59899
147060,1.40919,0.412404,3.41701,48656,48656,48650
166034,1.88981,0.543329,3.47821,56080,56080,56077
114611,0.789353,0.307666,2.56561,33084,33084,33083
145345,1.41157,0.418233,3.37509,48195,48195,48193
134133,1.13567,0.397881,2.85429,43467,43467,43466
144050,1.34738,0.41681,3.2326,48313,48313,48312
165928,1.95007,0.561654,3.47202,60610,60610,60604
155659,1.64942,0.520423,3.16938,52482,52482,52478
137300,1.18623,0.373355,3.17723,43748,43748,43746
168378,2.01066,0.525254,3.82799,61244,61244,61237
137842,1.17807,0.375512,3.13724,42941,42941,42940
166224,1.9425,0.533898,3.63833,57528,57528,57524
135090,1.15901,0.377308,3.07179,42846,42846,42846
147995,1.43623,0.43658,3.28972,50301,50301,50297
144692,1.40685,0.436489,3.2231,49719,49719,49715
145838,1.35373,0.40127,3.37363,47702,47702,47695
174663,2.12609,0.607031,3.50244,62632,62632,62625
150766,1.54423,0.439684,3.51213,52017,52017,52013
156940,1.62576,0.516092,3.15013,54016,54016,54008
180161,2.38303,0.631996,3.77065,66819,66819,66804
160829,1.73758,0.513721,3.38234,54863,54863,54860
128708,1.02947,0.32786,3.13998,39863,39863,39860
154586,1.58614,0.446717,3.55065,53424,53424,53418
163079,1.85193,0.509443,3.6352,58889,58889,58886
161509,1.80024,0.515329,3.49338,57445,57445,57445
176034,2.14088,0.584237,3.66441,63020,63020,63018
151890,1.53882,0.437817,3.51476,51695,51695,51695
186465,2.4235,0.624676,3.87962,66976,66976,66969
167343,1.98606,0.523827,3.79145,61558,61558,61547
143942,1.35022,0.419848,3.21597,47185,47185,47182
175251,2.18475,0.568922,3.84015,63976,63976,63965
145242,1.44927,0.445301,3.25459,49706,49706,49702
135031,1.18612,0.376692,3.14879,43487,43487,43487
136885,1.20878,0.377606,3.20116,44761,44761,44758
163938,1.90515,0.502499,3.79135,58899,58899,58894
143039,1.31773,0.408361,3.22687,46676,46676,46674
158417,1.77433,0.480971,3.68906,56375,56375,56370
164359,1.83367,0.503086,3.64484,59233,59233,59229
176498,2.13972,0.611893,3.49688,62088,62088,62082
149981,1.49609,0.441386,3.38952,52890,52890,52882
172317,2.0566,0.54248,3.79111,61325,61325,61322
188026,2.52307,0.675865,3.7331,68266,68266,68247
196044,2.81673,0.701305,4.01641,75062,75062,75048
173923,2.11745,0.613799,3.44975,63024,63024,63017
181166,2.39503,0.628955,3.80794,69361,69361,69341
176335,2.25242,0.58334,3.86125,64740,64740,64730
192654,2.83797,0.691043,4.10679,75585,75585,75572
169433,2.00911,0.5375,3.73789,62446,62446,62442
186378,2.50972,0.662514,3.78818,69825,69825,69807
179093,2.26355,0.628988,3.59872,64677,64677,64664
193560,2.70942,0.681851,3.97363,71588,71588,71562
177207,2.14616,0.59522,3.60567,63128,63128,63123
180403,2.25749,0.593207,3.80557,64299,64299,64294
197292,2.80034,0.677133,4.13558,76044,76044,76039
164839,1.8049,0.48143,3.74904,57444,57444,57442
220842,3.85767,0.940399,4.10216,90626,90626,90600
174183,2.10959,0.581014,3.63087,62022,62022,62014
215928,3.3973,0.796914,4.26307,83153,83153,83141
186813,2.5496,0.651234,3.91502,67852,67852,67846
175785,2.1137,0.592247,3.56895,60006,60006,60003
198766,2.9932,0.748105,4.00104,76316,76316,76295
191302,2.7222,0.727954,3.73952,73969,73969,73952
189338,2.70134,0.661002,4.08673,71660,71660,71660
169297,2.06833,0.569457,3.63212,62324,62324,62320
190814,2.59575,0.659057,3.93858,69307,69307,69305
172350,2.16278,0.584031,3.70319,63965,63965,63957
194785,2.84424,0.717009,3.96681,75128,75128,75120
213102,3.64702,0.825441,4.41827,86626,86626,86616
181473,2.26521,0.607087,3.73128,65248,65248,65238
189190,2.56636,0.651536,3.93895,70955,70954,70949
203013,3.14213,0.805675,3.9,78762,78762,78753
179709,2.31337,0.630661,3.66817,66551,66551,66530
235431,4.57016,1.01787,4.48991,95547,95547,95525
161063,1.70291,0.507111,3.35807,54275,54273,54271
198538,2.92839,0.727437,4.02563,76542,76542,76522
184662,2.41144,0.621122,3.88239,69830,69830,69822
165814,1.98498,0.512162,3.87568,62171,62171,62162
182831,2.39533,0.630622,3.79836,66896,66896,66886
200321,2.98524,0.709486,4.20761,77478,77478,77461
186574,2.50843,0.691822,3.62583,68832,68832,68828
181051,2.24431,0.603381,3.71957,62766,62766,62762
170865,2.09101,0.583129,3.58584,63221,63221,63212
170620,2.00743,0.553451,3.62712,61360,61360,61355
195772,2.93546,0.739103,3.97166,74194,74194,74187
185159,2.43292,0.632627,3.84575,69176,69176,69159
177937,2.26624,0.633336,3.57826,65948,65948,65937
198014,2.88102,0.690926,4.16979,76323,76322,76307
193964,2.6526,0.710547,3.73319,72959,72959,72949
162158,1.75819,0.518615,3.39015,57295,57295,57288
181945,2.43245,0.603816,4.02847,68514,68514,68508
208622,3.35417,0.83432,4.02025,83381,83381,83367
157696,1.65142,0.493768,3.34452,52665,52665,52662
184605,2.47502,0.714788,3.4626,69534,69534,69521
152042,1.51308,0.455591,3.32114,50380,50380,50375
195121,2.75152,0.732834,3.75463,72323,72323,72312
187336,2.49062,0.622946,3.99814,70223,70223,70209
189711,2.76064,0.698732,3.95092,73698,73698,73677
182018,2.32427,0.6459,3.5985,65519,65519,65509
206555,3.3095,0.807667,4.0976,81300,81300,81285
211424,3.3871,0.823885,4.11113,80392,80392,80378
200348,2.95898,0.722683,4.09443,74198,74198,74177
200688,2.93221,0.712516,4.11529,73283,73283,73271
170163,2.08746,0.584166,3.57341,61648,61648,61640
192683,2.72029,0.687107,3.95905,72793,72793,72780
177808,2.25777,0.612224,3.68783,65939,65939,65931
173528,2.10581,0.567018,3.71384,63048,63048,63043
204811,3.18931,0.751237,4.24541,81237,81237,81223
197748,2.95318,0.719653,4.10362,74433,74433,74425
178627,2.22785,0.589483,3.77933,63833,63833,63830
210617,3.43527,0.818609,4.19647,83383,83383,83362
186818,2.48841,0.666065,3.73599,66430,66430,66418
190811,2.7572,0.70596,3.9056,70439,70439,70431
176306,2.20278,0.555975,3.96201,63074,63074,63071
188646,2.62464,0.647666,4.05245,70325,70324,70317
176670,2.28568,0.625939,3.6516,65866,65866,65853
176214,2.19873,0.575227,3.82236,64362,64362,64355
218495,3.80478,0.87784,4.33426,87132,87131,87099
177134,2.32864,0.638351,3.64791,66203,66203,66189
199210,3.04128,0.754437,4.03118,78302,78302,78292
207032,3.29228,0.788558,4.17507,81260,81260,81248
196332,2.92207,0.737318,3.96311,76621,76621,76609
171141,2.03873,0.544803,3.74213,61246,61246,61240
182932,2.41174,0.634302,3.80219,69100,69100,69085
205254,3.20251,0.783015,4.08997,79538,79538,79518
190292,2.57019,0.654258,3.92841,71435,71435,71429
217983,3.43002,0.82072,4.17928,82045,82045,82028
187283,2.51722,0.68348,3.68294,67527,67527,67518
206276,3.11668,0.796189,3.91449,77313,77313,77302
213730,3.43873,0.874821,3.93078,83906,83906,83896
188802,2.60102,0.654591,3.9735,68432,68432,68413
216954,3.67025,0.838765,4.37578,84833,84833,84821
167664,2.03694,0.561048,3.6306,59510,59510,59498
161876,1.80763,0.522488,3.45965,55939,55939,55938
181232,2.30947,0.605458,3.81441,67188,67188,67183
191568,2.84043,0.751634,3.77901,74631,74631,74613
188770,2.64866,0.663539,3.99172,70901,70901,70881
200917,3.14582,0.79579,3.95307,78578,78577,78559
207342,3.24292,0.782351,4.1451,82624,82624,82617
215476,3.52732,0.841863,4.1899,83848,83848,83827
185489,2.58459,0.664916,3.88709,73236,73236,73223
270078,6.32109,1.4407,4.38752,116198,116198,116162
259602,5.74901,1.24816,4.606,109875,109875,109830
288599,7.43234,1.52311,4.8797,127943,127943,127880
278383,6.82706,1.45134,4.70398,118479,118479,118441
275646,6.8088,1.43484,4.74534,120523,120523,120478
239884,4.76784,1.11137,4.29006,98157,98157,98119
285524,7.39536,1.59731,4.62988,127368,127368,127326
265503,6.21478,1.37448,4.52154,115672,115672,115633
275767,6.84126,1.43789,4.75785,121106,121106,121027
267641,6.26759,1.34357,4.66489,114785,114785,114743
288309,7.47589,1.70911,4.37414,126987,126987,126907
270370,6.03453,1.33829,4.50912,113526,113526,113502
266823,6.23347,1.36434,4.56886,115583,115583,115559
304545,8.70322,1.84932,4.70617,138473,138473,138403
266478,6.00152,1.36344,4.40174,114594,114594,114542
309380,8.9735,2.02005,4.44221,142500,142500,142424
269811,6.38971,1.36475,4.68197,114221,114221,114175
298633,7.99113,1.71892,4.64891,130657,130657,130611
289722,7.59457,1.67596,4.53147,128632,128632,128573
253744,5.4494,1.08837,5.00692,105417,105417,105397
296541,8.12372,1.69364,4.7966,132480,132480,132415
283782,7.19672,1.62958,4.41629,125893,125893,125817
290221,7.81236,1.76742,4.42021,131008,131008,130954
274533,6.8303,1.44762,4.71831,122427,122427,122364
261486,5.84804,1.3297,4.39802,110112,110112,110079
286298,7.53183,1.61519,4.66313,127100,127100,127030
293806,7.77942,1.55501,5.0028,129668,129668,129608
299932,8.57876,1.78334,4.8105,137438,137438,137373
275819,6.60979,1.42331,4.64397,120403,120403,120354
253367,5.2416,1.18445,4.42533,106150,106150,106103
301792,8.42027,1.63562,5.14805,135975,135975,135926
288621,7.46343,1.59154,4.68944,128666,128666,128601
309868,8.96234,1.97044,4.5484,139007,139007,138940
248601,5.3442,1.18032,4.52774,105853,105853,105828
293195,7.69555,1.64592,4.67554,125529,125529,125470
274467,6.54531,1.41828,4.61496,119156,119156,119089
273876,6.62845,1.3584,4.8796,119631,119631,119596
268362,6.20913,1.3389,4.63747,113228,113228,113186
290022,7.54585,1.51094,4.99414,131095,131095,131042
299077,8.34909,1.76552,4.72897,134779,134779,134717
287821,7.21619,1.49962,4.81201,121163,121163,121107
276825,6.70938,1.53276,4.37733,121401,121401,121374
261493,5.97314,1.294,4.61604,112127,112127,112073
299876,8.38917,1.79979,4.6612,134074,134074,133994
281385,6.69146,1.40129,4.77521,118631,118631,118566
264786,5.83031,1.26261,4.61767,110687,110687,110649
266098,6.02784,1.33012,4.5318,111294,111294,111252
295463,7.83801,1.60899,4.87139,130300,130300,130221
245549,5.08394,1.18538,4.28889,102803,102803,102762
271385,6.46799,1.49388,4.32966,117520,117520,117485
285180,7.16356,1.58182,4.52868,125327,125327,125268
269981,5.95865,1.30447,4.56788,112320,112320,112273
275348,6.72695,1.37913,4.87766,122755,122755,122699
249129,5.06635,1.13316,4.471,102613,102613,102592
294865,7.74474,1.69724,4.56313,127330,127330,127258
284986,7.02795,1.46986,4.78136,125205,125205,125161
261729,5.97865,1.38875,4.30507,112326,112326,112276
274222,6.2663,1.36845,4.57914,116526,116526,116506
303759,8.59962,1.87939,4.57574,137301,137301,137255
289172,7.65891,1.57968,4.8484,130222,130222,130143
268954,6.30533,1.42675,4.41935,114676,114676,114637
308312,8.54388,1.94314,4.39696,133362,133362,133283
272226,6.37623,1.33587,4.77309,114400,114401,114368
302450,8.35389,1.66857,5.00661,136375,136375,136307
262575,5.9188,1.23997,4.77335,112553,112553,112510
273584,6.4158,1.45384,4.41299,118166,118166,118096
288021,7.53911,1.61926,4.65589,128191,128191,128142
289751,7.46719,1.68833,4.42282,124634,124634,124580
288548,7.24796,1.52067,4.7663,122881,122881,122841
288557,7.5922,1.67902,4.5218,126707,126707,126656
278561,6.44471,1.39517,4.61932,116048,116048,115983
296844,8.16674,1.74036,4.69257,133264,133264,133195
261927,5.75255,1.27777,4.50203,108783,108783,108757
276000,6.55938,1.37581,4.76763,117263,117263,117225
265667,5.97445,1.33578,4.47264,113824,113824,113767
261231,5.53349,1.27492,4.34028,109701,109701,109677
325891,10.1057,2.1118,4.78537,150585,150585,150501
249858,5.35278,1.26676,4.22556,105735,105735,105716
299187,7.90921,1.68202,4.70221,132440,132440,132394
316829,9.35399,1.96026,4.77182,144588,144588,144486
285627,7.27174,1.59266,4.56577,125098,125098,125053
271092,6.07894,1.43604,4.23313,115523,115523,115484
280732,6.87515,1.56159,4.40266,124124,124122,124053
312072,8.93411,1.9216,4.6493,141226,141226,141142
270557,5.98458,1.29819,4.60993,112502,112502,112467
313854,9.11872,1.83758,4.96236,143553,143553,143485
266587,6.22618,1.3769,4.52187,113537,113537,113498
302639,8.05963,1.77557,4.53919,131973,131973,131927
275509,6.60634,1.32869,4.97206,119671,119670,119620
284240,7.13006,1.52814,4.66583,123275,123274,123218
308623,8.85527,1.85806,4.76586,137843,137843,137793
266528,6.31407,1.40769,4.48541,116409,116408,116355
264748,6.07739,1.29873,4.67948,114437,114437,114387
269590,6.18842,1.35451,4.56876,115073,115073,115010
286964,7.52751,1.77608,4.23827,129793,129793,129718
266585,5.8651,1.26592,4.63305,111530,111530,111489
285493,7.4329,1.65073,4.50281,126129,126129,126068
318558,9.67394,2.06161,4.69242,150072,150072,150004
321861,9.75053,1.98161,4.92051,146175,146175,146085
266978,6.09771,1.3245,4.60377,115216,115216,115130
368826,13.5054,2.99786,4.505,175250,175250,175145
342772,11.5491,2.51999,4.58299,160420,160420,160325
394460,16.9788,3.64973,4.65208,194044,194044,193853
362631,13.4051,2.89561,4.62945,171982,171982,171845
356054,12.4086,2.68354,4.62397,170792,170792,170693
329028,10.3102,2.08983,4.93352,150093,150093,149992
380338,14.7589,3.17645,4.64634,181664,181664,181550
360005,12.708,2.69452,4.71623,166940,166940,166847
390324,15.9367,3.48501,4.57291,188894,188894,188710
352549,12.3166,2.58856,4.75808,165427,165427,165328
374180,14.4117,3.06043,4.70903,179835,179835,179660
355293,12.4522,2.57347,4.83868,167156,167155,167050
336240,10.8741,2.28323,4.7626,156132,156132,156068
393043,16.4535,3.48561,4.72042,193405,193405,193247
351940,11.9988,2.43567,4.92629,168024,168024,167885
415172,19.1777,3.937,4.87114,207946,207946,207781
365817,13.4244,2.82312,4.75516,169560,169560,169432
400588,17.1345,3.73971,4.58177,197156,197156,196982
417036,19.5248,4.23879,4.60622,208977,208977,208743
332321,10.6076,2.20258,4.81599,151592,151592,151517
377897,15.0677,3.19803,4.71156,183852,183852,183731
361881,13.1967,2.86995,4.59823,173253,173253,173115
382531,15.6779,3.25521,4.81624,187963,187963,187852
359839,13.4362,2.70789,4.96189,173257,173257,173117
369404,14.0771,2.88084,4.88646,177370,177370,177240
370232,13.8503,2.95226,4.69141,177163,177163,176996
398089,16.5813,3.48696,4.75525,192977,192975,192820
397038,17.3996,3.71052,4.68927,198616,198616,198447
360537,13.1139,2.70151,4.85427,173769,173769,173611
358561,12.8045,2.73516,4.68147,169320,169320,169208
401924,17.7523,3.71776,4.77501,203284,203283,203130
384871,15.3685,3.30442,4.6509,185923,185923,185762
410664,17.723,3.96155,4.47376,199226,199226,199040
347089,12.135,2.66742,4.54934,164443,164443,164337
399801,16.9678,3.59377,4.72144,193915,193915,193781
360005,12.9415,2.8754,4.50077,172079,172079,171933
366852,13.8293,2.94059,4.7029,177045,177045,176905
339938,11.2306,2.30016,4.88255,154985,154985,154883
371322,13.8619,2.79329,4.96256,176405,176405,176262
362328,13.4236,2.74611,4.88821,174721,174721,174604
368926,13.4327,2.778,4.83538,169207,169207,169086
363446,13.2074,2.805,4.70853,174652,174652,174543
383461,15.0063,3.24525,4.62407,184557,184557,184408
390082,16.3056,3.38984,4.81014,189790,189790,189652
382822,14.5132,2.99312,4.84885,179461,179461,179312
373524,13.829,2.85883,4.83727,176538,176538,176426
379971,14.9474,3.10745,4.81017,180400,180400,180290
394698,16.569,3.44493,4.80968,194234,194234,194084
352650,12.902,2.66971,4.83273,169599,169599,169472
368385,14.0816,2.80926,5.01256,174927,174927,174789
375247,14.7537,2.98525,4.94221,183418,183418,183290
370390,13.6031,2.7524,4.94227,174563,174563,174424
366502,13.5311,2.75506,4.91137,175528,175528,175390
352262,12.0314,2.52234,4.76994,162935,162935,162840
372400,14.0808,3.13978,4.48465,174768,174768,174542
403904,17.1316,3.6752,4.6614,197005,197005,196836
360955,13.3005,2.74306,4.84879,171516,171516,171399
375027,13.8877,3.04669,4.55829,178200,178200,178046
378567,14.606,3.19036,4.57818,179231,179231,179106
387061,16.039,3.50403,4.57729,188521,188521,188372
373728,13.9354,2.94844,4.72637,176711,176711,176582
417597,18.7059,3.93578,4.75278,204940,204940,204761
368355,13.4529,2.67113,5.0364,173325,173325,173202
380773,14.888,3.0669,4.8544,181095,181095,180947
367930,13.4499,2.8427,4.73138,176450,176450,176325
364875,13.523,2.90496,4.65516,174009,174009,173863
397003,17.0486,3.60636,4.72737,196209,196209,196065
368234,13.6488,2.87562,4.7464,171933,171933,171804
369220,13.6321,2.84489,4.7918,172220,172220,172123
389220,15.6415,3.23086,4.84128,187115,187115,186947
375082,14.2637,2.90277,4.91382,175914,175914,175757
389780,16.4067,3.38044,4.85344,190696,190696,190553
347028,11.6717,2.4928,4.68218,160393,160393,160293
360830,13.4626,2.68875,5.007,172549,172548,172432
346704,11.9365,2.4115,4.9498,163952,163952,163842
357244,12.8895,2.76369,4.66387,169100,169100,168938
411488,18.404,4.0209,4.57708,204511,204511,204342
347669,12.0794,2.44017,4.95025,162751,162751,162651
381898,14.9498,3.00268,4.97882,184878,184878,184766
414739,18.719,3.8407,4.87385,205101,205101,204958
394626,16.6274,3.5454,4.68985,193531,193531,193340
380921,14.5315,3.11248,4.6688,181773,181773,181654
354019,12.3689,2.64533,4.67573,165467,165467,165349
399805,17.4914,3.74051,4.67621,199342,199342,199161
363070,13.085,2.75132,4.75589,170600,170600,170458
398090,16.402,3.40637,4.8151,193642,193642,193478
367724,13.7847,2.94241,4.68484,174193,174193,174037
379012,14.1992,2.89853,4.89875,177905,177905,177762
381952,14.8356,3.07551,4.8238,184662,184662,184527
344544,11.6823,2.52533,4.62605,161370,161370,161282
398745,17.1045,3.37281,5.07131,195587,195587,195411
363053,13.3788,2.89476,4.62172,172969,172969,172835
382008,15.562,3.136,4.96238,185832,185832,185691
353079,12.2433,2.61698,4.67839,165418,165418,165323
372154,14.224,3.01693,4.71473,178685,178685,178584
348429,11.6173,2.49768,4.65123,160838,160838,160753
375839,15.0134,3.3511,4.48015,182506,182506,182385
422762,19.4269,4.13392,4.69938,212507,212507,212343
395577,16.018,3.45722,4.6332,190537,190537,190379
361931,13.4392,2.81437,4.77521,176096,176096,175938
